<beans xmlns="http://www.springframework.org/schema/beans"
	xmlns:xsi="http://www.w3.org/2001/XMLSchema-instance" xmlns:p="http://www.springframework.org/schema/p"
	xmlns:context="http://www.springframework.org/schema/context" xmlns:tx="http://www.springframework.org/schema/tx"
	xmlns:mvc="http://www.springframework.org/schema/mvc" xmlns:oxm="http://www.springframework.org/schema/oxm"
	xmlns:util="http://www.springframework.org/schema/util"
	xsi:schemaLocation="
http://www.springframework.org/schema/beans http://www.springframework.org/schema/beans/spring-beans-3.0.xsd
http://www.springframework.org/schema/context http://www.springframework.org/schema/context/spring-context-3.0.xsd
http://www.springframework.org/schema/tx http://www.springframework.org/schema/tx/spring-tx-3.0.xsd
http://www.springframework.org/schema/util http://www.springframework.org/schema/util/spring-util.xsd
http://www.springframework.org/schema/mvc http://www.springframework.org/schema/mvc/spring-mvc-3.0.xsd
http://www.springframework.org/schema/oxm http://www.springframework.org/schema/oxm/spring-oxm-3.0.xsd">

	<mvc:annotation-driven validator="validator" />

	<bean id="validator" class="org.springframework.validation.beanvalidation.LocalValidatorFactoryBean" />		

    <bean id="jspViewResolver" class="org.springframework.web.servlet.view.InternalResourceViewResolver">
        <property name="viewClass" value="org.springframework.web.servlet.view.JstlView"/>
        <property name="prefix" value="/WEB-INF/jsp/"/>
        <property name="suffix" value=".jsp"/>
    </bean>

	<bean class="org.springframework.web.servlet.mvc.support.ControllerClassNameHandlerMapping" >
	    <property name="caseSensitive" value="false" />
	</bean>

	<bean id="oxmMarshaller" class="org.springframework.oxm.xstream.XStreamMarshaller" />

	<bean id="marshallingHttpMessageConverter"
		class="org.springframework.http.converter.xml.MarshallingHttpMessageConverter">
		<property name="marshaller" ref="oxmMarshaller" />
		<property name="unmarshaller" ref="oxmMarshaller" />
	</bean>


	<bean class="org.springframework.web.servlet.mvc.annotation.AnnotationMethodHandlerAdapter">
		<property name="messageConverters">
			<util:list id="beanList">
				<bean class="org.springframework.http.converter.json.MappingJacksonHttpMessageConverter" />
				<ref bean="marshallingHttpMessageConverter" />
			</util:list>
		</property>
	</bean>

	<context:component-scan base-package="edu.curso.java.spring.mvc" />

	

</beans>